time,WRM_STORAGE,inflow,outflow,storage_MCM,inflow_MCM,outflow_MCM
1981-01-01,58408484.0,1.9266548,66.61811,58.408484,0.16646297472,5.755804704
1981-01-02,53115120.0,37.380924,66.67084,53.11512,3.2297118336,5.760360575999999
1981-01-03,50940410.0,65.56336,66.70098,50.94041,5.664674304,5.762964672
1981-01-04,50848532.0,97.51768,76.47509,50.848532,8.425527551999998,6.607447776
1981-01-05,51468970.0,152.42195,136.24306,51.46897,13.16925648,11.771400384000001
1981-01-06,51706930.0,170.62692,175.03514,51.70693,14.742165888,15.123036096000002
1981-01-07,51234296.0,173.99428,180.40855,51.234296,15.033105791999999,15.587298719999998
1981-01-08,50701956.0,174.80536,182.48888,50.701956,15.103183104000001,15.767039231999998
1981-01-09,50118172.0,170.49493,180.44713,50.118172,14.730761952000002,15.590632032
1981-01-10,49486480.0,162.27434,172.55792,49.48648,14.020502976,14.909004287999998
1981-01-11,48909280.0,153.08675,162.19637,48.90928,13.2266952,14.013766368
1981-01-12,48433910.0,144.64392,152.17804,48.43391,12.497234688,13.148182656000001
1981-01-13,48060476.0,137.28171,143.6094,48.060476,11.861139744,12.407852160000001
1981-01-14,47767052.0,130.73633,136.03767,47.767052,11.295618912,11.753654688
1981-01-15,47542340.0,125.17042,129.43224,47.54234,10.814724287999999,11.182945536
1981-01-16,47377924.0,120.58977,124.04982,47.377924,10.418956128000001,10.717904447999999
1981-01-17,47258444.0,116.71091,119.59422,47.258444,10.083822624,10.332940608000001
1981-01-18,47180624.0,113.24411,115.583084,47.180624,9.784291104000001,9.986378457599999
1981-01-19,47131596.0,110.13552,112.106865,47.131596,9.515708927999999,9.686033136
1981-01-20,47100244.0,107.42792,109.18712,47.100244,9.281772288,9.433767168
1981-01-21,47079540.0,104.895546,106.51969,47.07954,9.0629751744,9.203301216
1981-01-22,47068570.0,102.70213,104.03514,47.06857,8.873464032,8.988636095999999
1981-01-23,47070324.0,100.99786,102.08949,47.070324,8.726215104,8.820531936
1981-01-24,47080696.0,99.60255,100.570366,47.080696,8.60566032,8.6892796224
1981-01-25,47103856.0,98.281204,99.07424,47.103856,8.4914960256,8.560014336000002
1981-01-26,47132572.0,97.00476,97.750336,47.132572,8.381211264000001,8.445629030400001
1981-01-27,47160310.0,95.89072,96.6441,47.16031,8.284958208,8.35005024
1981-01-28,47187156.0,94.82913,95.58864,47.187156,8.193236832,8.258858496
1981-01-29,47214972.0,93.91081,94.58272,47.214972,8.113893984,8.171947008
1981-01-30,47243680.0,93.247246,93.86512,47.24368,8.0565620544,8.109946368000001
1981-01-31,47270310.0,92.676735,93.31466,47.27031,8.007269904,8.062386624
1981-02-01,47301780.0,92.02097,92.584305,47.30178,7.950611808000001,7.999283952
1981-02-02,47335176.0,91.44727,91.88044,47.335176,7.9010441280000006,7.938470016
1981-02-03,47392456.0,92.61168,91.80054,47.392456,8.001649152,7.931566655999999
1981-02-04,47486108.0,93.88988,93.88403,47.486108,8.112085632,8.111580192
1981-02-05,47538828.0,93.675064,94.5487,47.538828,8.0935255296,8.16900768
1981-02-06,47545944.0,92.76549,94.01719,47.545944,8.014938336,8.123085216
1981-02-07,47535796.0,91.511345,92.76229,47.535796,7.906580208,8.014661856
1981-02-08,47534470.0,90.3957,91.36207,47.53447,7.810188480000001,7.893682848
1981-02-09,47543560.0,89.446754,90.278366,47.54356,7.7281995456,7.800050822400001
1981-02-10,47601068.0,92.059845,89.50406,47.601068,7.953970608,7.733150784
1981-02-11,47812990.0,103.12919,96.02363,47.81299,8.910362015999999,8.296441632
1981-02-12,48123412.0,116.46021,111.527756,48.123412,10.062162144,9.6359981184
1981-02-13,48362332.0,123.912315,122.82192,48.362332,10.706024016,10.611813888
1981-02-14,48394530.0,122.24977,126.188614,48.39453,10.562380128000001,10.9026962496
1981-02-15,48230972.0,117.589455,122.012276,48.230972,10.159728912,10.541860646400002
1981-02-16,48061710.0,112.50693,116.32282,48.06171,9.720598752,10.050291648
1981-02-17,47938324.0,108.942825,111.434715,47.938324,9.41266008,9.627959376
1981-02-18,47927264.0,109.8784,108.90822,47.927264,9.49349376,9.409670208000001
1981-02-19,48143230.0,118.61168,113.06201,48.14323,10.248049152,9.768557664000001
1981-02-20,48689200.0,141.8071,125.92975,48.6892,12.25213344,10.8803304
1981-02-21,50152880.0,209.02237,165.35223,50.15288,18.059532768,14.286432671999998
1981-02-22,52620290.0,286.1149,252.99152,52.62029,24.72032736,21.858467328000003
1981-02-23,54203856.0,329.2926,318.72028,54.203856,28.45088064,27.537432192
1981-02-24,54504524.0,347.67148,354.11975,54.504524,30.038815871999997,30.595946400000003
1981-02-25,55122120.0,399.78955,369.15356,55.12212,34.541817120000005,31.894867584000004
1981-02-26,59333150.0,470.27316,404.30212,59.33315,40.631601024000005,34.931703168
1981-02-27,66342812.0,478.45734,417.66046,66.342812,41.338714175999996,36.085863744
1981-02-28,68500000.0,465.34903,474.89136,68.5,40.206156192,41.030613504
1981-03-01,68500000.0,515.14185,507.77408,68.5,44.50825584,43.871680512000005
1981-03-02,68500000.0,551.7078,559.41473,68.5,47.66755392,48.333432672
1981-03-03,68500000.0,539.6086,549.85406,68.5,46.622183039999996,47.507390784
1981-03-04,68500000.0,521.34143,532.15295,68.5,45.04389955199999,45.97801488
1981-03-05,68500000.0,501.38635,511.96597,68.5,43.31978064,44.233859808000005
1981-03-06,68500000.0,482.2988,492.5025,68.5,41.67061632,42.552216
1981-03-07,68500000.0,464.13272,473.9437,68.5,40.101067008,40.94873568
1981-03-08,68500000.0,447.01068,456.3849,68.5,38.621722752,39.43165536
1981-03-09,68500000.0,434.96292,442.6632,68.5,37.580796288,38.24610048
1981-03-10,68500000.0,429.62802,436.5031,68.5,37.119860927999994,37.713867840000006
1981-03-11,68500000.0,425.18646,431.89975,68.5,36.736110144,37.3161384
1981-03-12,68500000.0,420.67,427.28818,68.5,36.345888,36.91769875200001
1981-03-13,68500000.0,407.8435,416.6079,68.5,35.2376784,35.99492255999999
1981-03-14,68316500.0,389.70544,404.67947,68.3165,33.670550016,34.964306207999996
1981-03-15,66943784.0,372.9161,404.30212,66.943784,32.21995104,34.931703168
1981-03-16,64538896.0,357.95975,396.6088,64.538896,30.927722399999997,34.26700032
1981-03-17,62086468.0,344.6672,378.21808,62.086468,29.779246079999997,32.678042112
1981-03-18,59990210.0,330.82562,360.97653,59.99021,28.583333568,31.188372192000003
1981-03-19,58184950.0,317.80865,343.89328,58.18495,27.45866736,29.712379392000003
1981-03-20,56672976.0,306.10834,328.68558,56.672976,26.447760576,28.398434112
1981-03-21,55408124.0,295.44724,315.15582,55.408124,25.526641536000003,27.229462848
1981-03-22,54352532.0,285.68265,302.85464,54.352532,24.682980960000002,26.166640896
1981-03-23,53487200.0,277.62158,291.8718,53.4872,23.986504512,25.21772352
1981-03-24,52833564.0,273.01926,283.9922,52.833564,23.588864064,24.53692608
1981-03-25,52329264.0,268.5701,278.97913,52.329264,23.20445664,24.103796831999997
1981-03-26,51880344.0,264.48935,273.66495,51.880344,22.85187984,23.64465168
1981-03-27,51510744.0,261.61093,269.35797,51.510744,22.603184352,23.272528608000002
1981-03-28,51237124.0,260.73618,267.17767,51.237124,22.527605952,23.084150687999998
1981-03-29,51054704.0,261.48288,264.96414,51.054704,22.592120832000003,22.892901696
1981-03-30,51303020.0,285.14203,270.8096,51.30302,24.636271391999998,23.397949439999998
1981-03-31,52678076.0,346.30292,309.46103,52.678076,29.920572288,26.737432992
1981-04-01,54770252.0,414.9718,385.17844,54.770252,35.853563519999994,33.279417216
1981-04-02,58024640.0,445.5734,404.30212,58.02464,38.49754176,34.931703168
1981-04-03,62096264.0,450.47375,404.30212,62.096264,38.920932,34.931703168
1981-04-04,66678348.0,517.1022,442.14435,66.678348,44.67763008000001,38.20127184
1981-04-05,68500000.0,657.8477,643.8983,68.5,56.83804128,55.632813119999994
1981-04-06,68500000.0,740.58746,731.4355,68.5,63.986756544,63.1960272
1981-04-07,68500000.0,753.76556,760.22095,68.5,65.125344384,65.68309008
1981-04-08,68500000.0,689.6198,703.8573,68.5,59.583150720000006,60.81327072
1981-04-09,68500000.0,649.8643,655.2506,68.5,56.14827552,56.613651839999996
1981-04-10,68500000.0,654.9972,655.45856,68.5,56.59175808,56.631619584000006
1981-04-11,68500000.0,641.1244,647.5618,68.5,55.39314816,55.949339519999995
1981-04-12,68500000.0,614.0162,620.4759,68.5,53.05099968,53.609117760000004
1981-04-13,68500000.0,593.7273,596.90796,68.5,51.29803872,51.572847744
1981-04-14,68500000.0,609.85205,608.85156,68.5,52.69121712,52.60477478399999
1981-04-15,68500000.0,606.15125,609.9361,68.5,52.371468,52.69847904
1981-04-16,68500000.0,592.1172,596.8286,68.5,51.15892608000001,51.56599104000001
1981-04-17,68500000.0,569.40454,575.724,68.5,49.196552256,49.7425536
1981-04-18,68500000.0,545.5211,550.73883,68.5,47.133023040000005,47.583834912
1981-04-19,68500000.0,534.6648,537.47974,68.5,46.19503872,46.438249536
1981-04-20,68500000.0,521.7014,526.54205,68.5,45.075000960000004,45.493233120000006
1981-04-21,68500000.0,498.1824,503.96573,68.5,43.04295936,43.54263907200001
1981-04-22,68500000.0,475.2019,480.55463,68.5,41.05744416,41.519920031999995
1981-04-23,68500000.0,455.091,459.91724,68.5,39.3198624,39.736849536
1981-04-24,68500000.0,441.7959,444.67212,68.5,38.17116576,38.419671168
1981-04-25,68500000.0,450.0826,449.18527,68.5,38.88713664,38.809607328
1981-04-26,68500000.0,463.67114,464.45715,68.5,40.061186496,40.12909776
1981-04-27,68500000.0,454.036,458.8172,68.5,39.2287104,39.641806079999995
1981-04-28,68500000.0,434.4831,439.34793,68.5,37.53933984,37.959661152
1981-04-29,68500000.0,418.7324,422.7557,68.5,36.17847936,36.526092479999996
1981-04-30,68500000.0,407.07492,410.2444,68.5,35.171273088,35.44511616
1981-05-01,68442744.0,400.18625,404.4166,68.442744,34.576092,34.94159424
1981-05-02,68008490.0,393.69537,404.30212,68.00849,34.015279968,34.931703168
1981-05-03,66873480.0,383.03314,404.30212,66.87348,33.094063296,34.931703168
1981-05-04,64778600.0,373.21768,404.30212,64.7786,32.246007551999995,34.931703168
1981-05-05,62402812.0,369.68542,397.513,62.402812,31.940820288,34.345123199999996
1981-05-06,60330644.0,366.98694,390.94,60.330644,31.707671616,33.777216
1981-05-07,58531470.0,363.29105,385.1311,58.53147,31.388346719999998,33.27532704
1981-05-08,56809204.0,352.37076,377.87985,56.809204,30.444833664,32.64881904
1981-05-09,55073364.0,336.60013,359.41174,55.073364,29.082251231999997,31.053174335999998
1981-05-10,53574844.0,321.33047,341.11755,53.574844,27.762952608,29.47255632
1981-05-11,52321900.0,307.27335,323.76694,52.3219,26.548417439999998,27.973463615999997
1981-05-12,51350988.0,298.24213,308.57266,51.350988,25.768120032,26.660677823999997
1981-05-13,51029410.0,311.0292,304.26257,51.02941,26.872922879999997,26.288286047999996
1981-05-14,51694790.0,345.73022,323.8939,51.69479,29.871091007999997,27.984432959999996
1981-05-15,52287276.0,362.8242,370.88254,52.287276,31.348010880000004,32.044251456
1981-05-16,51452660.0,348.76688,368.54965,51.45266,30.133458432,31.84268976
1981-05-17,50670916.0,346.1297,347.67133,50.670916,29.905606080000002,30.038802912
1981-05-18,50753970.0,357.81946,352.066,50.75397,30.915601344,30.418502399999998
1981-05-19,50636384.0,354.61475,370.00116,50.636384,30.6387144,31.968100224000004
1981-05-20,49640516.0,333.02643,351.284,49.640516,28.773483552000002,30.350937599999998
1981-05-21,48715216.0,314.10965,325.80887,48.715216,27.13907376,28.149886368
1981-05-22,48141050.0,300.4147,309.00833,48.14105,25.95583008,26.698319712
1981-05-23,47735456.0,288.43808,295.61993,47.735456,24.921050112,25.541561952
1981-05-24,47580364.0,277.1007,280.05316,47.580364,23.941500480000002,24.196593024
1981-05-25,47102030.0,265.79675,278.75305,47.10203,22.9648392,24.08426352
1981-05-26,47122732.0,255.13292,249.55975,47.122732,22.043484288000002,21.561962400000002
1981-05-27,46298108.0,245.85355,271.58972,46.298108,21.241746720000002,23.465351807999998
1981-05-28,47077524.0,237.20155,205.51863,47.077524,20.494213919999996,17.756809632
1981-05-29,48174228.0,227.88393,234.73863,48.174228,19.689171552,20.281417632
1981-05-30,47859428.0,218.8755,224.29277,47.859428,18.9108432,19.378895328
1981-05-31,47652404.0,212.97926,215.76929,47.652404,18.401408063999998,18.642466656
1981-06-01,47631244.0,212.24643,212.64664,47.631244,18.338091552,18.372669696
1981-06-02,47709820.0,211.3059,210.71916,47.70982,18.256829760000002,18.206135424
1981-06-03,47762100.0,211.04718,212.69945,47.7621,18.234476351999998,18.37723248
1981-06-04,47662268.0,205.20671,210.19977,47.662268,17.729859744,18.161260128
1981-06-05,44275976.0,219.84183,275.32767,44.275976,18.994334112,23.788310688
1981-06-06,41582680.0,194.67163,233.24788,41.58268,16.819628832,20.152616832000003
1981-06-07,40638388.0,169.50858,154.60013,40.638388,14.645541311999999,13.357451232
1981-06-08,41213428.0,172.57748,180.65802,41.213428,14.910694272,15.608852928
1981-06-09,41271330.0,164.84915,155.29482,41.27133,14.242966560000001,13.417472447999998
1981-06-10,41805070.0,171.81053,169.35876,41.80507,14.844429792,14.632596863999998
1981-06-11,42151504.0,174.51968,167.3183,42.151504,15.078500352,14.45630112
1981-06-12,42556840.0,178.9944,176.68161,42.55684,15.465116160000003,15.265291104000001
1981-06-13,42652836.0,172.7389,177.4244,42.652836,14.924640960000001,15.32946816
1981-06-14,42616456.0,167.4604,165.82991,42.616456,14.46857856,14.327704224000001
1981-06-15,42637772.0,159.07886,166.95056,42.637772,13.744413503999999,14.424528384
1981-06-16,42567184.0,154.40007,148.65215,42.567184,13.340166048,12.84354576
1981-06-17,42672320.0,146.98792,158.28598,42.67232,12.699756288000001,13.675908672
1981-06-18,42523276.0,140.47285,132.52737,42.523276,12.13685424,11.450364768
1981-06-19,42738100.0,138.77847,147.53001,42.7381,11.990459808,12.746592864
1981-06-20,42718224.0,137.2542,126.12472,42.718224,11.858762879999999,10.897175808
1981-06-21,43021892.0,139.4034,147.96594,43.021892,12.04445376,12.784257215999999
1981-06-22,42756424.0,122.73278,127.35019,42.756424,10.604112192,11.003056416
1981-06-23,42739240.0,119.20684,117.944214,42.73924,10.299470976,10.190380089600001
1981-06-24,42889388.0,118.33746,118.279335,42.889388,10.224356543999999,10.219334544
1981-06-25,42968740.0,114.60586,115.83505,42.96874,9.901946304,10.00814832
1981-06-26,43018260.0,111.92301,111.793564,43.01826,9.670148064000001,9.6589639296
1981-06-27,43156160.0,112.03732,111.404144,43.15616,9.680024448,9.6253180416
1981-06-28,43287190.0,109.68107,110.08449,43.28719,9.476444448,9.511299936
1981-06-29,43353676.0,109.05078,108.9913,43.353676,9.421987392,9.41684832
1981-06-30,43377920.0,105.828094,108.493004,43.37792,9.1435473216,9.3737955456
1981-07-01,43310532.0,99.52924,102.522995,43.310532,8.599326336,8.857986768
1981-07-02,43247620.0,94.13281,96.37851,43.24762,8.133074784000002,8.327103264
1981-07-03,43218590.0,89.651,91.40196,43.21859,7.7458464,7.8971293440000006
1981-07-04,43210252.0,85.707825,87.20247,43.210252,7.40515608,7.534293408000001
1981-07-05,43220372.0,83.01384,83.485344,43.220372,7.172395776,7.2131337216
1981-07-06,43342380.0,85.80753,82.94087,43.34238,7.4137705920000005,7.166091168
1981-07-07,43685896.0,98.08808,86.70184,43.685896,8.474810112,7.4910389760000005
1981-07-08,42071524.0,105.16687,150.35187,42.071524,9.086417568,12.990401568
1981-07-09,40647136.0,92.53202,91.448555,40.647136,7.9947665279999995,7.901155151999999
1981-07-10,40979516.0,91.15934,86.7977,40.979516,7.8761669759999995,7.49932128
1981-07-11,41377524.0,90.42524,87.34613,41.377524,7.812740736,7.546705632
1981-07-12,41695760.0,87.98889,85.982414,41.69576,7.602240096,7.4288805696
1981-07-13,41938908.0,85.625305,84.55596,41.938908,7.398026352,7.305634944
1981-07-14,42119356.0,81.516174,81.65586,42.119356,7.0429974336,7.055066304
1981-07-15,42264228.0,77.94342,77.26665,42.264228,6.7343114879999995,6.67583856
1981-07-16,42443360.0,77.50668,74.987,42.44336,6.696577152000001,6.4788768
1981-07-17,42656810.0,79.734436,77.138115,42.65681,6.8890552704,6.664733136
1981-07-18,42857160.0,81.87494,79.3253,42.85716,7.073994816,6.85370592
1981-07-19,43131516.0,92.281296,82.53407,43.131516,7.9731039744,7.130943648
1981-07-20,42231024.0,96.18951,125.431274,42.231024,8.310773664,10.8372620736
1981-07-21,41329988.0,83.20914,83.98487,41.329988,7.189269696,7.256292768
1981-07-22,41618710.0,85.2782,79.81871,41.61871,7.36803648,6.8963365439999995
1981-07-23,42046496.0,86.19823,82.60079,42.046496,7.447527072,7.136708256
1981-07-24,42325012.0,88.01907,86.12388,42.325012,7.604847648,7.441103232
1981-07-25,42478624.0,84.210785,85.85352,42.478624,7.275811824,7.417744128000001
1981-07-26,42503044.0,77.57308,79.831276,42.503044,6.702314112000001,6.897422246400001
1981-07-27,42520780.0,72.419136,73.59088,42.52078,6.2570133504,6.358252031999999
1981-07-28,42603412.0,70.70551,69.647415,42.603412,6.108956064,6.017536656
1981-07-29,42835230.0,78.619026,70.02925,42.83523,6.7926838464,6.0505272
1981-07-30,43472720.0,109.106064,89.29941,43.47272,9.4267639296,7.715469023999999
1981-07-31,42387104.0,124.764565,160.48813,42.387104,10.779658416000002,13.866174432000001
1981-08-01,41283736.0,125.360794,120.605194,41.283736,10.8311726016,10.420288761599998
1981-08-02,41479716.0,116.70132,124.36738,41.479716,10.082994048,10.745341631999999
1981-08-03,41354588.0,100.536095,103.4315,41.354588,8.686318608,8.9364816
1981-08-04,41441024.0,95.44137,94.501724,41.441024,8.246134368,8.1649489536
1981-08-05,41617824.0,91.10288,91.4941,41.617824,7.871288831999999,7.90509024
1981-08-06,41750384.0,85.93046,86.02579,41.750384,7.424391744,7.432628256
1981-08-07,41912724.0,84.068344,82.030205,41.912724,7.2635049216,7.0874097119999995
1981-08-08,42213716.0,91.34058,82.4975,42.213716,7.891826112,7.127784
1981-08-09,42569230.0,99.621025,98.31517,42.56923,8.60725656,8.494430688
1981-08-10,42703372.0,99.46154,97.32796,42.703372,8.593477056,8.409135744
1981-08-11,42842220.0,103.580414,101.787025,42.84222,8.949347769600001,8.79439896
1981-08-12,42718250.0,106.025276,109.38268,42.71825,9.1605838464,9.450663552
1981-08-13,42624930.0,106.2514,107.06074,42.62493,9.180120960000002,9.250047936
1981-08-14,42769076.0,111.51878,103.916595,42.769076,9.635222592,8.978393808
1981-08-15,43102764.0,113.95968,116.5023,43.102764,9.846116352,10.06579872
1981-08-16,42504540.0,104.51701,117.79095,42.50454,9.030269664,10.17713808
1981-08-17,42270576.0,113.39261,105.509636,42.270576,9.797121504000001,9.1160325504
1981-08-18,43204464.0,152.12488,115.72881,43.204464,13.143589632,9.998969184
1981-08-19,44503104.0,191.90376,188.55148,44.503104,16.580484864,16.290847872
1981-08-20,44371744.0,182.31541,193.54633,44.371744,15.752051424000001,16.722402912
1981-08-21,44503016.0,173.55257,164.79219,44.503016,14.994942048,14.238045216
1981-08-22,43388416.0,163.6434,200.24988,43.388416,14.138789760000002,17.301589632
1981-08-23,42002916.0,149.5999,155.0434,42.002916,12.92543136,13.39574976
1981-08-24,41786624.0,137.79738,144.41597,41.786624,11.905693632000002,12.477539807999998
1981-08-25,41749644.0,135.88425,129.88596,41.749644,11.7403992,11.222146944
1981-08-26,41830864.0,127.70689,140.70222,41.830864,11.033875296,12.156671808
1981-08-27,41532630.0,112.29938,111.562904,41.53263,9.702666432000001,9.6390349056
1981-08-28,41570416.0,107.25764,113.495384,41.570416,9.267060096,9.8060011776
1981-08-29,41544110.0,100.38165,96.69703,41.54411,8.672974559999998,8.354623392
1981-08-30,41697740.0,101.20998,104.05662,41.69774,8.744542272,8.990491968
1981-08-31,41707092.0,95.370255,94.56264,41.707092,8.239990032,8.170212096
1981-09-01,41769764.0,93.58862,96.05503,41.769764,8.086056768,8.299154592
1981-09-02,41781170.0,88.87063,88.43202,41.78117,7.678422432,7.640526528
1981-09-03,41846580.0,87.80004,89.02297,41.84658,7.585923456,7.691584608
1981-09-04,41862044.0,82.850685,84.39154,41.862044,7.158299184,7.291429056000001
1981-09-05,41877104.0,79.8771,80.56893,41.877104,6.90138144,6.961155551999999
1981-09-06,41934060.0,80.189445,78.43987,41.93406,6.928368048,6.777204768
1981-09-07,41994130.0,79.81918,82.09398,41.99413,6.896377152,7.092919872
1981-09-08,41946068.0,73.83806,76.17477,41.946068,6.379608384,6.581500127999999
1981-09-09,41946900.0,73.9608,72.24392,41.9469,6.39021312,6.241874688
1981-09-10,42166812.0,83.10433,77.55186,42.166812,7.180214112000001,6.700480704000001
1981-09-11,41717196.0,91.16687,101.737755,41.717196,7.876817568,8.790142032000002
1981-09-12,41494684.0,104.665695,96.13403,41.494684,9.043116048,8.305980192
1981-09-13,41848804.0,112.13808,110.09386,41.848804,9.688730112,9.512109504000001
1981-09-14,42893990.0,112.70125,93.45575,42.89399,9.737388,8.074576799999999
1981-09-15,41671276.0,111.38368,153.18445,41.671276,9.623549952,13.235136480000001
1981-09-16,40185700.0,104.11543,107.41411,40.1857,8.995573152,9.280579104000001
1981-09-17,40240590.0,95.633644,95.49425,40.24059,8.2627468416,8.250703199999998
1981-09-18,40369020.0,90.50667,92.09794,40.36902,7.819776288,7.957262016
1981-09-19,40492460.0,85.81353,83.91721,40.49246,7.4142889919999995,7.250446944
1981-09-20,40689500.0,87.21628,85.13123,40.6895,7.535486592,7.355338272
1981-09-21,40877530.0,86.56975,86.344406,40.87753,7.479626400000001,7.460156678400001
1981-09-22,41029150.0,85.52972,83.28836,41.02915,7.389767808,7.196114304
1981-09-23,41441096.0,107.20381,88.52255,41.441096,9.262409184000001,7.648348319999999
1981-09-24,44670108.0,216.4175,105.78762,44.670108,18.698472,9.140050368
1981-09-25,49613388.0,330.2872,296.2141,49.613388,28.53681408,25.592898239999997
1981-09-26,50274750.0,324.1186,354.09885,50.27475,28.003847040000004,30.59414064
1981-09-27,48626424.0,293.6068,314.50424,48.626424,25.367627520000003,27.173166335999998
1981-09-28,47618440.0,279.1102,287.72946,47.61844,24.11512128,24.859825344
1981-09-29,47196020.0,275.12607,280.13254,47.19602,23.770892448,24.203451456
1981-09-30,46899308.0,268.59113,274.60733,46.899308,23.206273632000002,23.726073312
1981-10-01,46441228.0,254.56245,267.63187,46.441228,21.99419568,23.123393568
1981-10-02,45665576.0,229.09874,246.69202,45.665576,19.794131136,21.314190528
1981-10-03,45322200.0,227.76074,215.91077,45.3222,19.678527936000002,18.654690528
1981-10-04,46095136.0,251.628,238.88039,46.095136,21.7406592,20.639265696000002
1981-10-05,46650496.0,262.32718,260.70517,46.650496,22.665068352,22.524926688
1981-10-06,46549780.0,255.81111,265.59793,46.54978,22.102079904000004,22.947661152000002
1981-10-07,46096530.0,244.17526,250.5436,46.09653,21.096742464000002,21.64696704
1981-10-08,45894956.0,240.39613,241.59474,45.894956,20.770225632,20.873785536
1981-10-09,45911100.0,239.97386,239.9449,45.9111,20.733741504,20.73123936
1981-10-10,45919556.0,238.04306,240.65453,45.919556,20.566920384,20.792551392
1981-10-11,45817104.0,233.29198,236.63397,45.817104,20.156427072,20.445175008
1981-10-12,45699040.0,228.15997,231.21014,45.69904,19.713021408,19.976556096
1981-10-13,45158320.0,222.88452,235.01051,45.15832,19.257222528,20.304908064
1981-10-14,45273070.0,216.64998,208.69711,45.27307,18.718558272,18.031430304
1981-10-15,44618444.0,209.21198,233.12163,44.618444,18.075915072,20.141708832000003
1981-10-16,45124356.0,205.89856,178.27487,45.124356,17.789635584,15.402948768
1981-10-17,46042132.0,198.073,207.24727,46.042132,17.1135072,17.906164128
1981-10-18,45709412.0,188.1639,191.21812,45.709412,16.25736096,16.521245568
1981-10-19,43553584.0,187.10608,230.21202,43.553584,16.165965311999997,19.890318528
1981-10-20,45147204.0,196.47679,129.2906,45.147204,16.975594656,11.170707840000002
1981-10-21,47773436.0,204.7055,200.82092,47.773436,17.6865552,17.350927488000004
1981-10-22,47771104.0,208.22,214.81126,47.771104,17.990208,18.559692864
1981-10-23,47373892.0,200.98956,208.18576,47.373892,17.365497984,17.987249663999997
1981-10-24,47121984.0,201.8986,200.7914,47.121984,17.44403904,17.34837696
1981-10-25,47372160.0,216.28424,210.08441,47.37216,18.686958336,18.151293024
1981-10-26,47928370.0,238.19034,223.08789,47.92837,20.579645376,19.274793696
1981-10-27,48704796.0,270.8861,258.8687,48.704796,23.40455904,22.36625568
1981-10-28,50165772.0,340.2116,290.89383,50.165772,29.39428224,25.133226911999998
1981-10-29,51839656.0,376.8112,385.497,51.839656,32.55648768,33.3069408
1981-10-30,51120892.0,371.098,384.1075,51.120892,32.0628672,33.186888
1981-10-31,51067028.0,413.55795,377.58038,51.067028,35.73140688,32.622944832
1981-11-01,55607868.0,471.69052,404.30212,55.607868,40.754060927999994,34.931703168
1981-11-02,61836710.0,477.42538,404.30212,61.83671,41.249552832,34.931703168
1981-11-03,67562730.0,470.74884,429.65796,67.56273,40.672699776,37.122447744000006
1981-11-04,68500000.0,457.47876,461.64526,68.5,39.526164864,39.886150464
1981-11-05,68500000.0,441.92426,446.3032,68.5,38.182256064,38.560596479999994
1981-11-06,68500000.0,426.85986,430.98383,68.5,36.880691904,37.237002912
1981-11-07,68500000.0,416.39606,419.3206,68.5,35.976619584,36.22929984
1981-11-08,68500000.0,412.88504,414.9714,68.5,35.673267456,35.85352896
1981-11-09,68499320.0,405.561,409.11917,68.49932,35.0404704,35.347896288
1981-11-10,68176904.0,391.6264,404.30212,68.176904,33.83652096,34.931703168
1981-11-11,66774530.0,378.9712,404.30212,66.77453,32.74311168,34.931703168
1981-11-12,64362624.0,368.7891,404.30212,64.362624,31.863378240000003,34.931703168
1981-11-13,61715988.0,363.4788,393.65793,61.715988,31.404568319999996,34.012045152000006
1981-11-14,59497690.0,362.6365,387.4623,59.49769,31.3317936,33.476742720000004
1981-11-15,57649536.0,362.17987,383.51242,57.649536,31.292340768,33.135473088000005
1981-11-16,56072260.0,361.84836,380.2369,56.07226,31.263698304000002,32.85246816
1981-11-17,54750944.0,363.37985,377.6687,54.750944,31.39601904,32.63057568
1981-11-18,53749890.0,368.89474,379.90356,53.74989,31.872505536000002,32.823667584000006
1981-11-19,52835540.0,367.1234,381.51926,52.83554,31.71946176,32.963264064
1981-11-20,51879468.0,365.04614,376.47946,51.879468,31.539986496,32.527825344
1981-11-21,51161504.0,367.56085,374.4581,51.161504,31.75725744,32.35317984
1981-11-22,50731668.0,373.2742,379.3541,50.731668,32.25089088,32.77619424
1981-11-23,50249932.0,369.9579,380.04987,50.249932,31.964362559999998,32.836308768
1981-11-24,49535584.0,360.93622,375.00427,49.535584,31.184889408,32.400368928000006
1981-11-25,48773012.0,351.05283,361.15552,48.773012,30.330964511999998,31.203836928000005
1981-11-26,48254270.0,345.04,352.18668,48.25427,29.811456,30.428929152000002
1981-11-27,47895950.0,340.80664,346.6745,47.89595,29.445693696000003,29.9526768
1981-11-28,47608260.0,336.6176,342.32465,47.60826,29.083760639999998,29.57684976
1981-11-29,47340876.0,331.1293,337.1449,47.340876,28.60957152,29.12931936
1981-11-30,47045560.0,323.07935,330.50916,47.04556,27.914055839999996,28.555991424000002
1981-12-01,46689044.0,312.13666,320.6288,46.689044,26.968607423999998,27.70232832
1981-12-02,46327540.0,300.35068,307.95343,46.32754,25.950298752000002,26.607176352000003
1981-12-03,46047476.0,289.77863,295.88046,46.047476,25.036873632000002,25.564071744000003
1981-12-04,47539844.0,280.23132,250.81577,47.539844,24.211986047999996,21.670482527999997
1981-12-05,48466772.0,271.1346,280.86267,48.466772,23.426029439999997,24.266534687999997
1981-12-06,47973630.0,262.48166,270.83533,47.97363,22.678415423999997,23.400172511999997
1981-12-07,47577904.0,254.48254,261.62585,47.577904,21.987291456,22.60447344
1981-12-08,47259996.0,246.97934,253.3702,47.259996,21.339014976,21.891185280000002
1981-12-09,46999428.0,239.83783,245.46219,46.999428,20.721988512,21.207933215999997
1981-12-10,46793596.0,233.26888,238.13239,46.793596,20.154431232,20.574638496
1981-12-11,46635600.0,227.22615,231.52579,46.6356,19.63233936,20.003828256000002
1981-12-12,46514140.0,221.60371,225.42432,46.51414,19.146560544,19.476661248
1981-12-13,46429484.0,216.23619,219.60672,46.429484,18.682806816,18.974020608
1981-12-14,46371584.0,211.17444,214.16234,46.371584,18.245471616,18.503626175999997
1981-12-15,46330490.0,206.29417,209.23393,46.33049,17.823816288000003,18.077811551999996
1981-12-16,46295610.0,201.45766,204.22755,46.29561,17.405941824,17.645260320000002
1981-12-17,43968656.0,196.97073,246.85237,43.968656,17.018271072,21.328044767999998
1981-12-18,43809090.0,192.81026,161.34958,43.80909,16.658806464,13.940603712
1981-12-19,43624330.0,188.89313,221.08498,43.62433,16.320366432,19.101742272
1981-12-20,43446720.0,185.12395,167.62758,43.44672,15.99470928,14.483022912
1981-12-21,43316796.0,181.53552,201.56007,43.316796,15.684668927999999,17.414790048
1981-12-22,43145748.0,178.05934,169.7569,43.145748,15.384326976,14.66699616
1981-12-23,43009630.0,174.52242,187.50345,43.00963,15.078737088000002,16.20029808
1981-12-24,42848920.0,171.20389,167.99483,42.84892,14.792016096000001,14.514753312000002
1981-12-25,42723704.0,168.15791,176.7084,42.723704,14.528843423999998,15.267605760000002
1981-12-26,42589868.0,165.28693,164.7737,42.589868,14.280790752,14.23644768
1981-12-27,42483348.0,162.425,168.42073,42.483348,14.033520000000001,14.551551071999999
1981-12-28,42346376.0,159.44824,161.01506,42.346376,13.776327936000001,13.911701184
1981-12-29,42218330.0,156.3509,161.22594,42.21833,13.50871776,13.929921216
1981-12-30,42076180.0,153.17322,155.77235,42.07618,13.234166208,13.45873104
1981-12-31,41939824.0,150.09105,154.23257,41.939824,12.967866719999998,13.325694048
